Time Frame,Rotation X,Rotation Y,Rotation Z,Acceleration X,Acceleration Y,Acceleration Z
0.0231389999389648,0.011396094225347042,0.09534825384616852,-0.0625491589307785,0.02614670991897583,0.028427671641111374,-0.0026689767837524414
0.0235042572021484,-0.08145581185817719,0.02733674645423889,0.035341449081897736,0.002022266387939453,-0.02103409171104431,-0.013593822717666626
0.0306570529937744,-0.11136937141418457,0.07012563943862915,0.000540059176273644,-0.008627653121948242,0.009677931666374207,-0.005296528339385986
0.034708023071289,0.003119255881756544,-0.07291226089000702,0.10707182437181473,-0.014762043952941895,0.00784309208393097,0.02411666512489319
0.0553290843963623,0.01800752617418766,0.006348158232867718,0.029568782076239586,-0.004781842231750488,0.013240590691566467,-0.014592409133911133
0.0581459999084472,0.038151539862155914,0.0472235381603241,-0.10282094776630402,-0.01578235626220703,-0.031031493097543716,0.004465311765670776
0.0603890419006347,0.08845119923353195,0.05699920281767845,-0.08329545706510544,-0.014732599258422852,0.014345705509185791,-0.01271885633468628
0.0629231929779052,-0.026884982362389565,-0.12353385239839554,0.1261959969997406,-0.014085829257965088,-0.01101105660200119,0.024328142404556274
0.083367109298706,0.009519631043076515,0.029830332845449448,-0.04569614678621292,0.0033028125762939453,0.01859179511666298,0.0078123509883880615
0.0837850570678711,0.007266330532729626,0.011790411546826363,-0.009399923495948315,-0.005125820636749268,-0.005184441804885864,-0.0005030333995819092
0.090588092803955,0.0020420073997229338,0.01609068363904953,-0.021785220131278038,0.01754474639892578,0.011429592967033386,0.014476001262664795
0.0932691097259521,-0.05497214198112488,-0.03053133189678192,0.068672776222229,-0.010219335556030273,-0.014256075024604797,0.017718017101287842
0.1136603355407714,-0.07746906578540802,-0.019569676369428635,-0.028395984321832657,0.0036016106605529785,-0.03635648638010025,0.007100224494934082
0.1140761375427246,-0.05332458019256592,0.01866629347205162,-0.013153382577002048,0.006141483783721924,0.004982396960258484,0.005848318338394165
0.1210720539093017,0.0055029187351465225,-0.01691788248717785,0.09465217590332031,0.009722590446472168,-0.014196038246154785,0.0024560093879699707
0.1268930435180664,-0.015379592776298523,-0.012589664198458195,0.014537367038428783,0.0023933053016662598,0.00039108842611312866,0.00048828125
0.1440691947937011,-0.057039424777030945,-0.014707609079778194,0.020301247015595436,0.00026988983154296875,-0.00486181303858757,0.007343173027038574
0.144327163696289,-0.04422428831458092,-0.0026801079511642456,-0.017685549333691597,0.004127681255340576,0.006137371063232422,0.0039049386978149414
0.1533470153808593,0.07739681750535965,-0.012639780528843403,0.06520480662584305,0.01187586784362793,0.011402085423469543,-0.0020632147789001465
0.1542160511016845,0.19898968935012817,0.19114474952220917,-0.09451774507761002,0.0049703121185302734,-0.013420939445495605,-0.006880462169647217
0.1755051612854004,-0.0381818450987339,-0.018400447443127632,0.023797977715730667,-0.0009534358978271484,0.0022141002118587494,-0.0012761950492858887
0.1811859607696533,0.2797798812389374,0.24291683733463287,0.06182924658060074,0.013056635856628418,-0.0019122213125228882,0.024374008178710938
0.1833570003509521,0.03923584520816803,0.037994034588336945,0.11729144304990768,0.0006025433540344238,-0.008056074380874634,0.029148250818252563
0.2065250873565673,-0.026125846430659294,-0.0006565218791365623,-0.029151789844036102,0.005863368511199951,0.0022439807653427124,-0.0002964437007904053
0.2087171077728271,-0.07900490611791611,-0.016927719116210938,-0.035424068570137024,0.011317968368530273,0.009770464152097702,0.00309675931930542
0.211371898651123,0.43880975246429443,0.2746092677116394,0.08649624139070511,0.020818889141082764,0.059180304408073425,0.0018041729927062988
0.2136199474334716,0.06630275398492813,0.049278032034635544,0.07429949939250946,0.023926079273223877,0.00963166356086731,0.01936289668083191
0.2343060970306396,-0.024463636800646782,0.002508262638002634,-0.01973857916891575,0.008743643760681152,0.0025861263275146484,-0.004379481077194214
0.2343230247497558,-0.06539362668991089,0.005457863677293062,-0.03950829058885574,0.004285573959350586,0.002944841980934143,0.0001531839370727539
0.2413058280944824,-0.36788037419319153,-0.0971938967704773,-0.09014856815338135,-0.057248830795288086,-0.08070728182792664,0.12675517797470093
0.2437250614166259,0.07510782778263092,0.012242499738931656,0.020496191456913948,0.043719708919525146,0.04003337025642395,0.0004926919937133789
0.2644762992858886,-0.04230894893407822,0.020783472806215286,-0.00248715584166348,-0.00480419397354126,-0.00946217030286789,-0.005442202091217041
0.2644891738891601,-0.013512451201677322,-0.00584880355745554,-0.0014016516506671906,0.006963491439819336,0.008391067385673523,-0.002490699291229248
0.2713241577148437,0.140217587351799,-0.08048001676797867,0.0798782929778099,0.05757695436477661,0.09619013965129852,-0.029242753982543945
0.2763569355010986,0.05418150871992111,0.05139869078993797,-0.020556436851620674,0.022920310497283936,0.006093412637710571,-0.010956108570098877
0.2944869995117187,-0.08450806885957718,0.028542857617139816,-0.015752626582980156,-0.005746603012084961,-0.004063833504915237,-0.00012409687042236328
0.2951641082763672,-0.016948195174336433,-0.00022474024444818497,-0.007157808169722557,0.003344118595123291,0.0019708573818206787,0.0022309720516204834
0.3013980388641357,0.009022551588714123,-0.1172780767083168,0.15632113814353943,0.0326991081237793,-0.010090246796607971,0.0822080671787262
0.3039059638977051,0.02912702038884163,0.11850455403327942,-0.1163516715168953,0.055822014808654785,0.0103665292263031,-0.014750242233276367
0.3248000144958496,-0.04980041831731796,0.02190929278731346,-0.014661530964076519,-0.0003191232681274414,0.00010661035776138306,-0.003820478916168213
0.3249382972717285,-0.027380863204598427,0.02210932783782482,-0.0322762131690979,-0.0013061761856079102,0.000985667109489441,0.0008137822151184082
0.3317809104919433,0.04151032119989395,-0.05024293437600136,0.07963061332702637,0.05013120174407959,0.04552462697029114,0.12288665771484375
0.333996057510376,-0.048606254160404205,0.1534939557313919,0.1828502118587494,0.05132699012756348,0.05709086358547211,-0.033589333295822144
0.3547010421752929,0.0032042106613516808,0.02042561024427414,0.01481886301189661,0.011238813400268555,0.014822352677583694,-0.0037927627563476562
0.3551640510559082,0.02212623693048954,0.007383977994322777,-0.010424175299704075,0.006066858768463135,0.0015942901372909546,-0.002450883388519287
0.3618021011352539,0.0059866816736757755,0.013201287016272545,-0.0405900664627552,0.1497454047203064,0.021055549383163452,0.14610344171524048
0.3641788959503174,0.5903096199035645,0.44913989305496216,0.40969425439834595,-0.02891629934310913,0.09235305339097977,-0.005899190902709961
0.3851411342620849,-0.007984926924109459,0.024153154343366623,0.020134534686803818,0.011163592338562012,0.00918005034327507,-0.0002480745315551758
0.3853440284729004,0.06216326728463173,0.004777991212904453,0.04020091891288757,0.01669532060623169,0.0019613057374954224,-0.0009201169013977051
0.3921740055084228,0.0018928704084828496,0.061648815870285034,-0.1343197524547577,0.2654222846031189,0.054787442088127136,0.168998122215271
0.3944261074066162,0.6958919763565063,-0.027884483337402344,-0.04762374237179756,-0.043875157833099365,-0.0311686173081398,-0.05171588063240051
0.414700984954834,0.012269211933016777,0.01631413772702217,0.030639106407761574,0.006966531276702881,0.004592616111040115,-0.004976212978363037
0.415600061416626,0.07595431804656982,0.04990224167704582,0.07928307354450226,0.009648799896240234,0.00043442845344543457,0.010512858629226685
0.4223079681396484,0.03355146199464798,0.121938556432724,-0.14727149903774261,0.3245775103569031,0.07934834063053131,0.17245402932167053
0.4247071743011474,-0.028526686131954193,0.168800488114357,-0.18249446153640747,-0.1696634292602539,-0.14015963673591614,0.15741732716560364
0.4449741840362549,0.014214650727808475,0.010640175081789494,0.07221903651952744,0.009715139865875244,0.00529199093580246,0.005362272262573242
0.4452929496765136,0.0862656757235527,0.12174612283706665,0.12366332113742828,0.009870946407318115,0.0022426992654800415,0.004974454641342163
0.4522409439086914,0.010254130698740482,0.1097189337015152,-0.07644101232290268,0.3179900646209717,0.09223766624927521,0.12503334879875183
0.4544041156768799,0.2010810673236847,0.14599615335464478,-0.16956481337547302,0.04039812088012695,-0.0035488158464431763,0.016681402921676636
0.4752671718597412,-0.008366957306861877,0.055114082992076874,-0.020449643954634666,-0.004248559474945068,-0.003739330917596817,0.007758975028991699
0.4756011962890625,0.01803269051015377,0.02181108668446541,0.14147667586803436,0.00524216890335083,0.01084589958190918,0.005933135747909546
0.482205867767334,-0.006468390114605427,0.09642736613750458,-0.03881720080971718,0.22320592403411865,0.07872189581394196,0.05788588523864746
0.4850530624389648,0.02742193266749382,0.04434938728809357,0.042915742844343185,0.12233114242553711,0.05650812387466431,0.007150977849960327
0.5051290988922119,-0.004864767659455538,0.02251221425831318,-0.005481348372995853,-0.007433533668518066,0.011413030326366425,0.002413153648376465
0.5054781436920166,-0.12861546874046326,0.14594756066799164,0.03183566406369209,-0.1436539888381958,-0.04421684145927429,0.04210543632507324
0.5125720500946045,-0.09870577603578568,0.01686614751815796,-0.01376484427601099,0.1877616047859192,0.02541281282901764,0.03462260961532593
0.514862060546875,0.01469441968947649,-0.05227026715874672,0.19917486608028412,0.09916853904724121,0.01074257493019104,-0.007083475589752197
0.5351400375366211,-0.026604551821947098,-0.0007882649078965187,0.03246443346142769,-0.007825314998626709,0.0046419911086559296,0.002538621425628662
0.5358171463012695,-0.09202630072832108,0.23067288100719452,-0.0056914715096354485,0.01978456974029541,-0.0025806576013565063,-0.01608899235725403
0.5424289703369141,-0.076267309486866,0.09826313704252243,-0.035078391432762146,0.0880773663520813,0.013255700469017029,0.056630998849868774
0.5450429916381836,0.023422930389642715,0.005718902684748173,0.17272675037384033,-0.031504690647125244,-0.029802337288856506,0.00488811731338501
0.5657219886779785,0.08003108203411102,0.01806238666176796,-0.019643506035208702,-0.05636566877365112,0.018000397831201553,-0.014881372451782227
0.5658292770385742,0.11331406980752945,-0.05653576925396919,-0.2149304449558258,0.01769089698791504,0.0382409542798996,-0.036904990673065186
0.5726289749145508,-0.07155924290418625,0.16046294569969177,-0.05362624302506447,0.1125718355178833,0.028362378478050232,0.035095393657684326
0.5753638744354248,0.015100817196071148,0.04833477362990379,0.08306050300598145,-0.06612008810043335,-0.05691004544496536,0.025048494338989258
0.5955591201782227,0.36824172735214233,0.2651541829109192,-0.3510938882827759,-0.038091421127319336,-0.005377430468797684,-0.011232376098632812
0.5958671569824219,-0.0564882792532444,0.036154855042696,0.012510968372225761,0.004646241664886475,-0.03069034218788147,0.03995409607887268
0.6026959419250488,-0.06436524540185928,0.11607164144515991,-0.027138439938426018,0.17771214246749878,0.026677608489990234,0.011152148246765137
0.6055371761322021,0.025779027491807938,0.03805277496576309,0.023080255836248398,-0.027765929698944092,-0.02701689302921295,0.010938882827758789
0.6257631778717041,0.21107764542102814,0.033404141664505005,0.07077907025814056,0.0022537708282470703,0.049835629761219025,-0.0034813284873962402
0.625892162322998,0.06374997645616531,0.047357410192489624,0.0394645556807518,-0.005415499210357666,0.02037791907787323,0.039258718490600586
0.6332311630249023,-0.05363137274980545,0.24338611960411072,-0.0577288419008255,0.0400388240814209,0.02528136968612671,0.0006565451622009277
0.6352241039276123,0.05204338580369949,0.03133108839392662,0.019222401082515717,0.002567291259765625,-0.0061359703540802,0.004146307706832886
0.655785083770752,-0.07681445777416229,-0.11157150566577911,0.06226041540503502,-0.0038245320320129395,0.02253834903240204,0.05863642692565918
0.6560611724853516,0.06992851197719574,0.04885869845747948,0.0778883770108223,0.03024613857269287,0.0030440539121627808,0.08591261506080627
0.662999153137207,-0.012573020532727242,0.22499510645866394,-0.08006663620471954,0.0898556113243103,0.031315237283706665,-0.02216625213623047
0.6655309200286865,0.04456683248281479,0.043508924543857574,0.035283658653497696,0.018096745014190674,0.009331822395324707,0.02025267481803894
0.6859321594238281,0.015134906396269798,-0.15383121371269226,0.08022023737430573,0.0009496212005615234,0.008814580738544464,0.055456578731536865
0.6865670680999756,0.14595110714435577,0.03956057131290436,0.06864747405052185,0.12995970249176025,0.03877970576286316,0.14516642689704895
0.6933250427246094,-0.05423511564731598,0.2604469656944275,-0.14616602659225464,0.011188268661499023,-0.009859144687652588,0.030297905206680298
0.6955668926239014,0.03483683988451958,0.07952380180358887,0.056746337562799454,0.019734084606170654,0.005827166140079498,0.04706946015357971
0.7161049842834473,-0.021664652973413467,-0.16430112719535828,0.025888560339808464,0.044545531272888184,-0.0035586878657341003,0.11346805095672607
0.7164602279663086,0.10344213247299194,0.07199123501777649,-0.023439841344952583,0.23039579391479492,0.02657891809940338,0.21897980570793152
0.7232270240783691,-0.0821295976638794,0.25672608613967896,-0.14160162210464478,0.01463848352432251,0.019373387098312378,0.03411245346069336
0.7255089282989502,0.04251020401716232,0.11714185029268265,0.07108879089355469,0.02614361047744751,0.0081702321767807,0.05223441123962402
0.7459282875061035,-0.045578110963106155,-0.10738462954759598,-0.10735604912042618,0.12809967994689941,0.015586383640766144,0.15713465213775635
0.7464561462402344,-0.10920555889606476,0.12424556910991669,-0.11537695676088333,0.31103986501693726,0.05978955328464508,0.25246673822402954
0.7532539367675781,-0.0463058166205883,0.26926252245903015,-0.16404356062412262,-0.003835618495941162,0.021363839507102966,0.006782174110412598
0.7557060718536377,0.062496695667505264,0.14267326891422272,0.08940254896879196,0.03934842348098755,0.021715417504310608,0.06273502111434937
0.7762861251831055,-0.0018067930359393358,-0.0078061604872345924,-0.2085029035806656,0.2301640510559082,-0.010782316327095032,0.18862482905387878
0.7770571708679199,-0.16876888275146484,0.1339128613471985,-0.13112981617450714,0.3443978428840637,0.09908728301525116,0.142123281955719
0.7836079597473145,-0.021844683215022087,0.24286341667175293,-0.17020690441131592,0.04068863391876221,-0.0008142739534378052,-0.020273149013519287
0.7855989933013916,0.03283800557255745,0.19600404798984528,0.11555985361337662,0.058829426765441895,0.030489280819892883,0.09700781106948853
0.8064792156219482,0.034463997930288315,0.0712808221578598,-0.2493206411600113,0.2922040820121765,0.0204373300075531,0.19196262955665588
0.8068711757659912,-0.16292257606983185,0.06049361824989319,-0.002991292392835021,0.351625919342041,0.08532027900218964,0.06489011645317078
0.8136501312255859,-0.04260242357850075,0.25991082191467285,-0.15972736477851868,-0.011861562728881836,-0.0074939727783203125,-0.03304237127304077
0.8161389827728271,0.003369060344994068,0.20523075759410858,0.12661810219287872,0.10502517223358154,0.03669464588165283,0.1250903606414795
0.8366291522979736,-0.008774422109127045,0.1282229870557785,-0.1815626323223114,0.28329694271087646,0.03526264429092407,0.15288066864013672
0.8368160724639893,-0.10952913016080856,0.15648207068443298,0.004714297596365213,0.19212263822555542,0.05049605667591095,0.05690544843673706
0.8438229560852051,-0.04901691526174545,0.3030034303665161,-0.1710689663887024,-0.06888681650161743,-0.00022044777870178223,-0.035415828227996826
0.8459079265594482,0.028821423649787903,0.20869581401348114,0.10970569401979446,0.13758277893066406,0.03620445728302002,0.15087974071502686
0.8669571876525879,-0.0967618077993393,0.13461366295814514,-0.10973158478736877,0.21538519859313965,0.05509428679943085,0.10407090187072754
0.8670611381530762,-0.08982786536216736,0.16308723390102386,-0.0569237656891346,0.17686176300048828,-0.008748367428779602,0.07429081201553345
0.8737888336181641,-0.05020974576473236,0.24335415661334991,-0.16721192002296448,-0.057096898555755615,-0.04173147678375244,-0.047315627336502075
0.876101016998291,0.004680001642554998,0.21413268148899078,0.023135118186473846,0.1839469075202942,0.03135635703802109,0.16943970322608948
0.8967421054840088,-0.22434572875499725,0.12777452170848846,-0.09842433780431747,0.15502887964248657,0.019688084721565247,0.13166183233261108
0.8969860076904297,-0.11544320732355118,0.3342682421207428,-0.12803202867507935,0.09352457523345947,0.018644094467163086,0.11289647221565247
0.9040241241455078,0.008013613522052765,0.24750852584838867,-0.15905039012432098,-0.09285849332809448,-0.028683394193649292,-0.03127750754356384
0.9063279628753662,0.009079677052795887,0.1315108835697174,-0.030784573405981064,0.24028968811035156,0.010360106825828552,0.14158987998962402
0.9268290996551514,-0.27387651801109314,0.14606881141662598,-0.08998451381921768,0.082619309425354,-0.013229764997959137,0.13188433647155762
0.9273862838745116,-0.20856276154518127,0.45705676078796387,-0.07006912678480148,0.07910621166229248,0.05012306571006775,0.06414905190467834
0.9342889785766602,-0.049759671092033386,0.273878276348114,-0.0848560631275177,-0.042836010456085205,-0.026813983917236328,-0.028253167867660522
0.9363539218902588,0.02814950793981552,0.18930014967918396,-0.08380411565303802,0.17677074670791626,0.033910058438777924,0.1307281255722046
0.9571452140808104,-0.2696932256221771,0.20369188487529755,-0.0929747149348259,0.09290444850921631,0.0011932626366615295,0.08301037549972534
0.957348108291626,-0.1618470549583435,0.5067164301872253,0.006849886383861303,0.09689652919769287,0.05370856821537018,-0.006271839141845703
0.9641120433807372,-0.03764095529913902,0.32437512278556824,-0.06745390594005585,-0.06366288661956787,-0.03522849082946777,-0.04430985450744629
0.966283082962036,0.01586434617638588,0.21198922395706177,-0.12264952063560486,0.19733285903930664,0.026087798178195953,0.11580479145050049
0.987180233001709,-0.3108200132846832,0.2984452247619629,-0.12489243596792221,0.07427269220352173,0.014049805700778961,0.0392034649848938
0.9878010749816896,-0.2448474019765854,0.5429553389549255,-0.015119860880076885,0.06220501661300659,0.027649909257888794,0.023406893014907837
0.9942340850830078,-0.03943326324224472,0.3146696090698242,-0.10654564946889877,-0.07344865798950195,-0.04272457957267761,-0.021361589431762695
0.9968030452728271,-0.012079804204404354,0.2636045813560486,-0.1626453995704651,0.1930689811706543,0.00547635555267334,0.10519576072692871
1.0173382759094238,-0.24341274797916412,0.39512699842453003,-0.1435774266719818,0.08647680282592773,-0.006585262715816498,0.03600609302520752
1.017620086669922,-0.1727840006351471,0.6725967526435852,-0.12793534994125366,-0.026053965091705322,-0.01909033954143524,0.05749127268791199
1.024518966674805,0.040756914764642715,0.2727780342102051,-0.14378462731838226,-0.05627000331878662,-0.039131999015808105,-0.03345763683319092
1.0267951488494873,-0.009866584092378616,0.36271417140960693,-0.16614772379398346,0.18755996227264404,0.028766505420207977,0.07670485973358154
1.0473060607910156,-0.053072646260261536,0.43341371417045593,-0.1102229431271553,0.07116860151290894,-0.01283881813287735,0.02682971954345703
1.047929286956787,-0.20059578120708466,0.8131146430969238,-0.2213933914899826,-0.022835612297058105,-0.0172099769115448,0.06921792030334473
1.0544979572296145,-0.02620294690132141,0.23009084165096283,-0.1195639818906784,-0.023764371871948242,-0.01617896556854248,-0.010467052459716797
1.056886911392212,-0.01614631712436676,0.41358432173728943,-0.1510065793991089,0.2229335904121399,0.034007854759693146,0.03617522120475769
1.077674150466919,-0.1094653457403183,0.4373825788497925,-0.10757016390562057,0.04551917314529419,0.017971128225326538,0.042724430561065674
1.0780150890350342,-0.2047738879919052,0.9163805246353149,-0.2477072924375534,0.014835953712463379,0.0023511946201324463,0.04260203242301941
1.084679126739502,0.003904622280970216,0.19933144748210907,-0.02455171011388302,0.029536843299865723,0.005273580551147461,-0.034235596656799316
1.0871460437774658,-0.043261025100946426,0.46876978874206543,-0.1029897928237915,0.2031208872795105,0.021282948553562164,0.03175598382949829
1.1075420379638672,-0.20719550549983978,0.4763346016407013,-0.14379793405532837,0.04462820291519165,0.009549863636493683,0.03972160816192627
1.10784912109375,-0.02961685322225094,0.9488488435745239,-0.2554403245449066,0.03376561403274536,-0.011398658156394958,0.009899020195007324
1.1146609783172607,-0.0007375339046120644,0.19765068590641022,0.02436203509569168,-0.001061856746673584,-0.0055561065673828125,-0.03557652235031128
1.1171879768371582,-0.06011590361595154,0.5617197155952454,-0.05686038359999657,0.12286972999572754,0.023657940328121185,0.019895434379577637
1.137679100036621,-0.21082939207553864,0.49087396264076233,-0.17174674570560455,0.018490314483642578,-0.003727041184902191,0.007411599159240723
1.1379261016845703,-0.16766327619552612,0.8700729608535767,-0.2239558845758438,0.043743908405303955,0.016992852091789246,0.03634917736053467
1.1450350284576416,-0.012140657752752304,0.17252090573310852,0.03103298880159855,0.0063353776931762695,-0.0009897947311401367,-0.009124279022216797
1.1474511623382568,-0.09171564131975174,0.6187622547149658,-0.04474779590964317,0.06591176986694336,-0.010368235409259796,0.018875420093536377
1.1678452491760254,-0.14619432389736176,0.5087838172912598,-0.161457359790802,-0.004339933395385742,-0.007442660629749298,-0.021355390548706055
1.1688380241394043,-0.171671062707901,0.8212208151817322,-0.22688643634319305,0.0025485754013061523,0.01851552724838257,0.0043267011642456055
1.1750741004943848,-0.02195587009191513,0.1502826064825058,0.02147543616592884,-0.02661067247390747,0.0012739896774291992,-0.008736789226531982
1.177258014678955,-0.08360418677330017,0.6588413715362549,-0.06451111286878586,-0.008396267890930176,-0.047697730362415314,0.031308889389038086
1.197761058807373,-0.006499149836599827,0.4664173126220703,-0.12730471789836884,0.02308022975921631,0.005642548203468323,-0.05318653583526611
1.205252170562744,-0.004550248384475708,0.0898486077785492,0.05894903838634491,0.0021486282348632812,0.0061186254024505615,-0.041647493839263916
1.2076551914215088,-0.034280579537153244,0.6965911388397217,-0.12073230743408203,-0.00437086820602417,-0.023738928139209747,0.004456281661987305
1.227977275848389,0.06392575055360794,0.40335536003112793,-0.06300988793373108,0.019168198108673096,0.025784090161323547,-0.0547785758972168
1.22839617729187,-0.06480040401220322,0.5492348670959473,-0.25553035736083984,-0.017495930194854736,-0.016995146870613098,0.02969944477081299
1.2352700233459473,0.010278631001710892,0.08269720524549484,0.08174889534711838,-0.022569239139556885,0.01015084981918335,-0.06276679039001465
1.237518072128296,-0.0560561828315258,0.7430091500282288,-0.1426413208246231,0.0027850866317749023,0.002495802938938141,-0.02375727891921997
1.258061170578003,-0.06015985086560249,0.3705421984195709,-0.01496779453009367,0.0346333384513855,0.0188421830534935,-0.004029989242553711
1.2585101127624512,-0.139839768409729,0.4819759726524353,-0.2996661067008972,-0.014496684074401855,-0.008809372782707214,-0.009485125541687012
1.2655000686645508,-0.02705875225365162,0.1005304828286171,0.11770183593034744,-0.05123347043991089,-0.0005118846893310547,-0.06649196147918701
1.2676889896392822,-0.12919245660305023,0.6165173053741455,-0.14660437405109406,0.05454760789871216,0.07298574596643448,-0.07204204797744751
1.2882521152496338,-0.13619430363178253,0.35840028524398804,-0.02138095162808895,-0.03239727020263672,0.028079889714717865,-0.008299946784973145
1.288578987121582,-0.13506339490413666,0.5026160478591919,-0.17868587374687195,-0.035888612270355225,-0.006952136754989624,-0.0031058192253112793
1.2956349849700928,-0.02195320650935173,0.06552529335021973,0.1453198939561844,-0.04093575477600098,-0.014662384986877441,-0.08304136991500854
1.2977750301361084,-0.09465231001377106,0.5804924368858337,-0.13531391322612762,0.002454400062561035,0.028191208839416504,-0.08208483457565308
1.3185241222381592,-0.11865472048521042,0.37836089730262756,-0.07204572856426239,-0.0801311731338501,-0.006781339645385742,-0.025010406970977783
1.319040060043335,-0.17605410516262054,0.4236381947994232,-0.12846451997756958,-0.04470735788345337,-0.005144879221916199,-0.10565066337585449
1.3254590034484863,0.011082639917731285,0.07831613719463348,0.11930106580257416,-0.10192281007766724,-0.01828405261039734,-0.07435065507888794
1.3281981945037842,-0.07962609082460403,0.5280768275260925,-0.0894143357872963,0.004394412040710449,-0.03539755940437317,-0.03565824031829834
1.3487520217895508,-0.02376708760857582,0.33940351009368896,-0.11602277308702469,-0.08287078142166138,0.006532356142997742,-0.07634389400482178
1.348905086517334,-0.14802579581737518,0.3744610548019409,-0.13698317110538483,-0.07044017314910889,-0.016998156905174255,-0.10817790031433105
1.3557791709899902,-0.01509103924036026,0.06846116483211517,0.11027561128139496,-0.05059546232223511,-0.01616641879081726,-0.048921942710876465
1.3579370975494385,-0.028995005413889885,0.4046747386455536,-0.07326039671897888,-0.016798794269561768,-0.07198656350374222,-0.10039585828781128
1.3786981105804443,0.007338767871260643,0.26799362897872925,-0.13794563710689545,-0.07242393493652344,-0.012481316924095154,-0.05451059341430664
1.379047155380249,-0.06566233932971954,0.35339733958244324,-0.11332685500383377,-0.047255754470825195,-0.058002158999443054,-0.11712127923965454
1.386098861694336,-0.05398157984018326,0.10198468714952469,0.12483830749988556,-0.044320106506347656,-0.011817008256912231,-0.022708475589752197
1.3880620002746582,-0.06268825381994247,0.3741973638534546,-0.12883496284484863,-0.10396838188171387,0.033855609595775604,-0.07283246517181396
1.408623218536377,0.058565203100442886,0.25906774401664734,-0.0828309953212738,-0.042837560176849365,0.01142217218875885,-0.08426439762115479
1.409095287322998,-0.011605095118284225,0.3823886513710022,-0.09244927018880844,-0.0424954891204834,-0.011209294199943542,-0.0916980504989624
1.4162039756774902,-0.09354350715875626,0.1598673164844513,0.14138053357601166,-0.051569342613220215,0.01521080732345581,-0.04274797439575195
1.418442964553833,0.106491319835186,0.33413994312286377,-0.11261019855737686,-0.053916752338409424,-0.06714609265327454,-0.07187634706497192
1.4387681484222412,-0.07843858748674393,0.25848880410194397,-0.06901372224092484,-0.05526012182235718,0.0235166996717453,-0.07983499765396118
1.4394080638885498,-0.07301758974790573,0.407024621963501,-0.03237581253051758,-0.01392275094985962,-0.009961351752281189,-0.11319011449813843
1.4462499618530271,-0.1278797686100006,0.18118727207183838,0.10488137602806091,0.00290679931640625,-0.008382737636566162,-0.062033236026763916
1.4484808444976809,0.19977226853370667,0.32795172929763794,-0.13677917420864105,-0.09887897968292236,-0.02453911304473877,-0.06432521343231201
1.469099044799805,-0.1010698676109314,0.34929609298706055,-0.10305824130773544,-0.0936347246170044,0.008902519941329956,-0.07744324207305908
1.4694781303405762,-0.00404877495020628,0.4282190799713135,0.018259136006236076,-0.006189465522766113,-0.017351210117340088,-0.08154964447021484
1.476125955581665,-0.05921030044555664,0.2970777451992035,-0.024599913507699966,-0.08569759130477905,-0.046667635440826416,-0.04450070858001709
1.4784691333770752,0.06732607632875443,0.2895723581314087,-0.1824670433998108,-0.06650388240814209,0.01388026773929596,-0.02829718589782715
1.498948097229004,-0.11177057772874832,0.4887833893299103,-0.14059096574783325,-0.06346631050109863,-0.023977994918823242,-0.08431726694107056
1.499417066574097,0.11504752188920975,0.3502727746963501,0.009441141970455647,-0.04744565486907959,-0.03350801765918732,-0.06772023439407349
1.5063090324401855,-0.08551634103059769,0.3194645643234253,-0.032415229827165604,-0.040275752544403076,-0.023737803101539612,-0.04418075084686279
1.5087499618530271,0.04542529955506325,0.26297473907470703,-0.147726371884346,0.0023688077926635742,0.009117871522903442,-0.009838104248046875
1.529292106628418,0.04974880814552307,0.569699764251709,-0.1112850084900856,-0.005190014839172363,-0.019031420350074768,-0.11017143726348877
1.5298490524291992,0.004454698413610458,0.23212726414203644,-0.02317405864596367,-0.08953052759170532,-0.005084231495857239,-0.016538143157958984
1.5365979671478271,-0.036184608936309814,0.2709735929965973,-0.0014104400761425495,-0.0004171133041381836,-0.0004907846450805664,-0.04756951332092285
1.5388801097869873,0.050566401332616806,0.2336452156305313,-0.09063299745321274,0.0117911696434021,0.019815295934677124,-0.035173654556274414
1.5597410202026367,0.0729776993393898,0.5086777210235596,-0.029689481481909752,-0.01368868350982666,0.006257906556129456,-0.04449945688247681
1.560060977935791,-0.228546604514122,0.11297772824764252,-0.048540934920310974,-0.06887078285217285,0.024915754795074463,-0.013706803321838379
1.5663719177246094,-0.027218010276556015,0.25157734751701355,0.006957211997359991,-0.03248322010040283,-0.0441710501909256,-0.03764587640762329
1.5687410831451416,-0.06539961695671082,0.2216210663318634,-0.057029228657484055,0.001650094985961914,0.015774577856063843,-0.022476553916931152
1.5899131298065186,0.11861921846866608,0.36383959650993347,0.008600648492574692,-0.004749476909637451,0.028354018926620483,-0.021764039993286133
1.590135097503662,-0.17072910070419312,0.07777643203735352,0.013717113994061947,0.008816003799438477,-0.018688887357711792,-0.0651354193687439
1.596531867980957,-0.04874860495328903,0.2373306006193161,0.006951353047043085,-0.09061956405639648,-0.05347730219364166,-0.04346156120300293
1.5991718769073486,-0.029671845957636833,0.1519542932510376,-0.07531076669692993,-0.0075730085372924805,-0.02163410186767578,-0.04001849889755249
1.619584083557129,0.10467277467250824,0.20632752776145935,-0.0022370850201696157,-0.03998136520385742,-0.018081948161125183,-0.004260659217834473
1.6200499534606934,-0.12057045847177505,0.11928171664476395,0.04000570997595787,-0.03021717071533203,0.027747556567192078,-0.09086942672729492
1.6267318725585938,-0.023395176976919174,0.13745257258415222,0.05277157202363014,-0.07888495922088623,-0.038540318608284,-0.07059717178344727
1.6291379928588867,0.010945353657007217,0.037683576345443726,-0.051255229860544205,-0.028040587902069092,-0.025716200470924377,-0.022469162940979004
1.649670124053955,0.08095506578683853,0.09107629209756851,-0.07681864500045776,-0.0640174150466919,-0.021544426679611206,0.015326976776123047
1.650076150894165,-0.1885303407907486,0.17827792465686798,0.042214535176754,-0.030880212783813477,0.010434240102767944,-0.09027361869812012
1.6569349765777588,-0.021483825519680977,0.013020191341638565,0.08917698264122009,-0.11248528957366943,-0.05169568955898285,-0.08424139022827148
1.659409999847412,0.012111285701394081,-0.042608268558979034,-0.0005497063393704593,-0.05924612283706665,-0.0008795410394668579,-0.056636273860931396
1.6798062324523926,0.05315139517188072,0.02775501273572445,-0.09398804605007172,-0.03660392761230469,-0.012787632644176483,-0.006160736083984375
1.6810290813446045,-0.1340232938528061,0.26115676760673523,0.009463246911764145,-0.037234485149383545,-0.00026966631412506104,-0.05546450614929199
1.687169075012207,0.01588951237499714,-0.040099136531353,0.04678265377879143,-0.1877480149269104,-0.06593915820121765,-0.10582518577575684
1.6891539096832275,-0.20671533048152924,-0.09904254972934723,0.011686986312270164,-0.046938300132751465,0.019882142543792725,-0.047669172286987305
1.7097110748291016,-0.03879397362470627,-0.02363460883498192,-0.04507110267877579,0.030568301677703857,0.027387507259845734,-0.01202923059463501
1.7104251384735107,-0.09979753941297531,0.33546799421310425,-0.05780181288719177,-0.04724186658859253,-0.012028694152832031,-0.06374877691268921
1.717303991317749,0.030864734202623367,-0.04921353608369827,0.01027124933898449,-0.19667452573776245,-0.04914975166320801,-0.15784478187561035
1.7197489738464355,-0.1810496598482132,-0.17549343407154083,0.04242252558469772,-0.04147130250930786,0.026839464902877808,-0.0855444073677063
1.739983081817627,-0.009182151407003403,-0.004272910766303539,0.02791229635477066,0.024815022945404053,0.026660747826099396,-0.027722537517547607
1.740544080734253,-0.13912217319011688,0.33005422353744507,-0.07422712445259094,-0.03509402275085449,-0.0011515319347381592,-0.05748254060745239
1.7471120357513428,0.029234346002340317,-0.019399182870984077,0.009680028073489666,-0.16653412580490112,-0.03818294405937195,-0.18656092882156372
1.7496120929718018,-0.1386726349592209,-0.24419014155864716,0.08182452619075775,-0.07716000080108643,-0.03711983561515808,-0.09552192687988281
1.7700819969177246,-0.06214110553264618,0.01731865108013153,0.04149734601378441,0.02015477418899536,0.0360407754778862,-0.0532076358795166
1.7705001831054688,-0.08168911188840866,0.3595091998577118,-0.07425349205732346,-0.05507272481918335,-0.0007295012474060059,-0.08070611953735352
1.777400016784668,0.07868019491434097,0.030512915924191475,0.0023925541900098324,-0.20142245292663574,-0.04300694167613983,-0.19287896156311035
1.779845952987671,-0.13395750522613525,-0.22287078201770782,0.029452668502926826,-0.08204251527786255,0.007397592067718506,-0.07248061895370483
1.8001689910888672,-0.04366302862763405,0.001879273448139429,0.02621879242360592,0.00702744722366333,0.008963942527770996,-0.05395781993865967
1.8006541728973389,-0.06404859572649002,0.32284051179885864,-0.06803074479103088,-0.02651602029800415,-0.03568179905414581,-0.10430455207824707
1.80761194229126,0.08746103197336197,0.02153857797384262,-0.01974363997578621,-0.18960648775100708,-0.06091746687889099,-0.17650610208511353
1.8098609447479248,-0.057486433535814285,-0.1265912503004074,0.044730156660079956,-0.03327256441116333,-0.014951184391975403,-0.059770286083221436
1.830935001373291,0.08476138859987259,0.2790142893791199,-0.06426636874675751,-0.08823275566101074,-0.03785470128059387,-0.10216832160949707
1.8312830924987795,-0.02052961476147175,-0.023826871067285538,0.015433254651725292,-0.04842829704284668,0.008606977760791779,-0.05073118209838867
1.8375999927520752,0.08469933271408081,-0.0183347687125206,-0.019839514046907425,-0.20688658952713013,-0.044526562094688416,-0.14503806829452515
1.840157985687256,-0.07964300364255905,-0.02820567414164543,0.08902811259031296,-0.016375422477722168,0.017551153898239136,-0.08448421955108643
1.860748291015625,-0.12359967082738876,-0.1100316122174263,0.009715448133647442,-0.024589478969573975,0.019296124577522278,-0.009107708930969238
1.8610310554504397,0.07476188242435455,0.19191643595695496,-0.005753523204475641,-0.03940469026565552,-0.027194231748580933,-0.10332494974136353
1.86768102645874,0.09318216890096664,-0.13255226612091064,0.006996626500040293,-0.16991198062896729,-0.04954388737678528,-0.12080854177474976
1.8698809146881104,-0.1938016712665558,0.07617045193910599,0.09246145933866501,-0.039160192012786865,0.03196194767951965,-0.0906229019165039
1.890614032745361,-0.13943403959274292,-0.07903751730918884,-0.013978962786495686,0.008126914501190186,-0.0032935068011283875,-0.017492353916168213
1.8913021087646484,-0.07070103287696838,0.03703000396490097,0.048692937940359116,-0.047219932079315186,-0.00910918414592743,-0.08037292957305908
1.8978891372680664,0.04554247856140137,-0.2204146385192871,0.019991256296634674,-0.14694976806640625,-0.04653133451938629,-0.11103087663650513
1.900244951248169,-0.22552576661109924,0.15176863968372345,0.11388739198446274,-0.0720529556274414,-0.01697319746017456,-0.08206915855407715
1.920781135559082,-0.11021768301725388,0.10740085691213608,-0.03147619962692261,-0.02523714303970337,-0.008580558001995087,-0.05091315507888794
1.92154598236084,-0.08818668872117996,-0.08139129728078842,0.0839553251862526,-0.06829053163528442,-0.01339024305343628,-0.07898712158203125
1.9280760288238523,0.06873221695423126,-0.23281335830688477,0.021802738308906555,-0.12419980764389038,-0.03977949917316437,-0.11989462375640869
1.9302661418914795,-0.1486702710390091,0.15689177811145782,0.11360935866832733,-0.11129069328308105,-0.02318534255027771,-0.10758423805236816
1.9507381916046145,-0.11686813831329346,0.257491797208786,-0.018525777384638786,-0.05383932590484619,-0.01641038805246353,-0.06132984161376953
1.9513871669769287,0.02062368020415306,-0.13852396607398987,0.08520061522722244,-0.07892245054244995,-0.04958935081958771,-0.11317461729049683
1.9580211639404297,0.09107214957475662,-0.20955874025821686,0.022041091695427895,-0.12285828590393066,-0.0376826673746109,-0.0979909896850586
1.9605591297149656,-0.14187587797641754,0.1432206630706787,0.09467347711324692,-0.1306179165840149,-0.022618867456912994,-0.08014261722564697
1.981130123138428,-0.039189986884593964,0.34444406628608704,0.01761065609753132,-0.05453556776046753,-0.024220161139965057,-0.10194188356399536
1.981271266937256,-0.0138574643060565,-0.14647330343723297,0.040866173803806305,-0.1211477518081665,-0.036898866295814514,-0.13553225994110107
1.9882659912109373,0.06974195688962936,-0.20860758423805237,0.02334337681531906,-0.060858190059661865,-0.024336323142051697,-0.09166502952575684
1.9903450012207031,-0.08555668592453003,0.09623943269252777,0.095010906457901,-0.10900527238845825,-0.01133536547422409,-0.09339207410812378
2.0109431743621826,-0.040701594203710556,0.37572094798088074,0.06309477984905243,-0.03709888458251953,-0.01895393431186676,-0.09298515319824219
2.0113351345062256,-0.0012886750046163797,-0.1388673186302185,0.025180691853165627,-0.08211743831634521,-0.03299218416213989,-0.14541494846343994
2.018270969390869,0.09565744549036026,-0.12267032265663147,0.01403163280338049,-0.03365606069564819,-0.016331851482391357,-0.08704888820648193
2.02054500579834,-0.1042291671037674,0.06621035933494568,0.08560488373041153,-0.12861114740371704,-0.0035353153944015503,-0.10620760917663574
2.0411510467529297,-0.05024369806051254,0.31516626477241516,0.1126178577542305,-0.06410551071166992,-0.0044733136892318726,-0.12284988164901733
2.0416321754455566,0.01445460133254528,-0.11133264005184174,0.019583258777856827,-0.10147297382354736,-0.029195159673690796,-0.1642618179321289
2.048427104949951,0.07718003541231155,-0.009780112653970718,0.0018916134722530842,-0.05686837434768677,-0.008916467428207397,-0.06891846656799316
2.0506279468536377,-0.10962674021720886,0.1365557461977005,0.04678531736135483,-0.20102298259735107,-0.02373380959033966,-0.13484495878219604
2.0714902877807617,-0.07737372070550919,0.22856299579143524,0.1245964914560318,-0.10349828004837036,0.00164804607629776,-0.11183887720108032
2.071997165679932,0.03324040770530701,-0.04812026023864746,0.021030953153967857,-0.1007271409034729,-0.01865728199481964,-0.15996533632278442
2.0783019065856934,0.08082123845815659,-0.038555484265089035,-0.02233942225575447,0.005876421928405762,-0.0068509578704833984,-0.05109649896621704
2.0807790756225586,-0.06661388278007507,0.16815362870693207,-0.004170540254563093,-0.21224647760391235,-0.03197140991687775,-0.16606557369232178
2.1015162467956543,-0.06065239757299423,0.09451623260974884,0.09617097675800323,-0.10532516241073608,-0.014104537665843964,-0.13257092237472534
2.101840019226074,-0.0072909072041511536,-0.027712706476449966,0.022534841671586037,-0.12851828336715698,-0.0059557706117630005,-0.15411454439163208
2.1085400581359863,0.08575022220611572,-0.09140131622552872,-0.02943967655301094,-0.019108116626739502,-0.008105456829071045,-0.011370420455932617
2.111124038696289,-0.03573160246014595,0.1248648464679718,-0.03721397742629051,-0.18620413541793823,-0.03353416174650192,-0.15605497360229492
2.131398200988769,-0.03580563887953758,-0.03524865210056305,0.043464355170726776,-0.14421242475509644,-0.02981235831975937,-0.12210297584533691
2.1320221424102783,-0.03920077160000801,-0.05377155542373657,0.008974024094641209,-0.1295795440673828,-0.021550342440605164,-0.14543485641479492
2.1386489868164062,0.03920562192797661,-0.13768529891967773,-0.005254713352769613,-0.011716485023498535,-0.003457784652709961,0.013671696186065674
2.140985012054444,-0.035100169479846954,0.057885587215423584,-0.036994002759456635,-0.18607276678085327,-0.007237963378429413,-0.15102875232696533
2.1615991592407227,-0.007442974019795656,-0.08635029196739197,0.011680061928927898,-0.1436254382133484,-0.02004934847354889,-0.15125155448913574
2.1618220806121826,0.039688318967819214,-0.1392539143562317,-0.0029052721802145243,-0.13672935962677002,-0.03175903856754303,-0.15682274103164673
2.168897151947021,0.0442441888153553,-0.21336956322193146,0.009653129614889622,-0.0014323592185974121,-0.004570692777633667,-0.005790829658508301
2.171118974685669,-0.06508775800466537,-0.0023091286420822144,-0.009841475635766983,-0.19685840606689453,0.0044482797384262085,-0.15267252922058105
2.1916871070861816,-0.01876566931605339,-0.09168612957000732,0.015469740144908428,-0.1056017279624939,0.00978192687034607,-0.14724385738372803
2.1928651332855225,0.04465764760971069,-0.19787584245204926,-0.020261624827980995,-0.12273120880126953,-0.025243595242500305,-0.15320754051208496
2.199061870574951,0.04003705829381943,-0.24537815153598785,-0.006671248469501734,0.00013750791549682617,-0.0023717880249023438,-0.003308892250061035
2.200916051864624,-0.10196894407272339,-0.06495491415262222,-0.008449973538517952,-0.18481189012527466,-0.005802609026432037,-0.15677279233932495
2.2217681407928467,0.002438418800011277,-0.08124450594186783,-0.006262719631195068,-0.10202395915985107,-0.0006794556975364685,-0.1547023057937622
2.2228481769561768,0.01880900375545025,-0.22179991006851196,-0.015602425672113895,-0.10990017652511597,-0.03657597303390503,-0.1703270673751831
2.229124069213867,0.048108700662851334,-0.2276662141084671,-0.007858219556510448,0.019371747970581055,0.0005638599395751953,-0.020130813121795654
2.231495141983032,-0.07773631811141968,-0.10449723154306412,-0.054621998220682144,-0.20929497480392456,-0.029349572956562042,-0.15581774711608887
2.251986026763916,0.02795802801847458,-0.05220112204551697,-0.014441287145018578,-0.10845965147018433,-0.01971844583749771,-0.1459830403327942
2.252242088317871,0.08569841831922531,-0.22411005198955536,0.0022468792740255594,-0.09561783075332642,-0.026876837015151978,-0.16481083631515503
2.2593419551849365,0.05479057505726814,-0.1867169737815857,-0.034292224794626236,0.00407034158706665,-0.003342539072036743,-0.03407317399978638
2.2616469860076904,0.05359281599521637,-0.1337326616048813,-0.06978044658899307,-0.17570340633392334,-0.026850126683712006,-0.14995485544204712
2.282086133956909,-0.0007451239507645369,-0.0472596101462841,-0.04789778217673302,-0.13959801197052002,0.006552763283252716,-0.130295991897583
2.28252911567688,0.08262606710195541,-0.2312079668045044,0.018235966563224792,-0.09106773138046265,-0.029484719038009644,-0.1463831663131714
2.2894439697265625,0.08970434963703156,-0.15391936898231506,-0.016659699380397797,-0.012913823127746582,0.00383073091506958,-0.04810214042663574
2.291563034057617,0.07569572329521179,-0.1330862045288086,-0.05380919948220253,-0.11946141719818115,0.003115542232990265,-0.1251162886619568
2.3125240802764893,0.09556250274181366,-0.22904671728610992,0.024221420288085938,-0.07778912782669067,-0.02556385099887848,-0.10964471101760864
2.312547206878662,0.041230421513319016,-0.061938270926475525,-0.035192906856536865,-0.07591831684112549,-0.025726035237312317,-0.12098538875579834
2.3195390701293945,0.06294077634811401,-0.18163970112800598,0.033523838967084885,-0.02255880832672119,0.02381017804145813,-0.02361685037612915
2.321866035461426,-0.006227240897715092,-0.09059076756238937,-0.04814092814922333,-0.07156145572662354,0.030407920479774475,-0.09026390314102173
2.342170238494873,0.03597067669034004,-0.0632615014910698,-0.01709406077861786,-0.09130966663360596,-0.019139863550662994,-0.1068376898765564
2.3428971767425537,0.09023591876029968,-0.22252602875232697,0.013761055655777454,-0.060628533363342285,-0.02019694447517395,-0.08675819635391235
2.349597930908203,0.09635160118341446,-0.3025014400482178,0.00607943395152688,0.008425354957580566,-0.00396728515625,-0.012135624885559082
2.3520350456237797,-0.00032354542054235935,-0.053105950355529785,-0.036152973771095276,-0.056816697120666504,0.013343274593353271,-0.08080899715423584
2.3726141452789307,0.018218712881207466,-0.07950752973556519,-0.026286760345101357,-0.0754590630531311,-0.010485738515853882,-0.10084831714630127
2.372915267944336,0.10625016689300537,-0.21864326298236847,0.002994961105287075,-0.02804034948348999,-0.028527915477752686,-0.0573086142539978
2.3796958923339844,0.1053466945886612,-0.3363095223903656,-0.009862780570983887,-0.031006693840026855,-0.008866161108016968,0.002416074275970459
2.381957054138184,0.07082933187484741,-0.03010500594973564,-0.02360522374510765,-0.06416809558868408,-0.016466177999973297,-0.0583263635635376
2.4025321006774902,0.031220797449350357,-0.08878245204687119,-0.0416654534637928,-0.08511656522750854,-0.03489701449871063,-0.10369998216629028
2.403020143508911,0.1378275454044342,-0.208011656999588,-0.010656668804585934,-0.03747200965881348,-0.002137914299964905,-0.03411984443664551
2.4100630283355717,0.10602020472288132,-0.3758578896522522,0.06521732360124588,0.023843884468078613,0.01514667272567749,-0.006843864917755127
2.412308931350708,0.09650512784719467,-0.05869447439908981,-0.035252027213573456,0.023843884468078613,0.01514667272567749,-0.006843864917755127
2.432692050933838,0.0165606290102005,-0.09821902960538864,-0.03550396114587784,-0.07249259948730469,-0.014094516634941101,-0.0881645679473877
2.4332242012023926,0.13731780648231506,-0.2117622196674347,0.0013342138845473528,-0.018970191478729248,-0.0011528432369232178,-0.005531430244445801
2.4402260780334477,0.12024348229169846,-0.42083218693733215,0.10157319903373718,0.047478675842285156,0.01626601815223694,-0.008034706115722656
2.4422149658203125,0.10087258368730545,-0.10736618936061859,-0.047582995146512985,-0.057691216468811035,-0.011985056102275848,-0.029456377029418945
2.462764263153076,0.001250648987479508,-0.10070961713790894,0.007601963356137276,-0.04926753044128418,0.010847851634025574,-0.07910740375518799
2.463434219360352,0.08128076791763306,-0.2611193060874939,-0.010925915092229843,0.0011249780654907227,0.0064443498849868774,-0.003116905689239502
2.469928979873657,0.10339938849210739,-0.3751126825809479,0.08354199677705765,0.005104005336761475,0.0038839876651763916,0.01057523488998413
2.4724671840667725,0.10279658436775208,-0.16895882785320282,-0.055878475308418274,-0.044848740100860596,-0.010112151503562927,-0.03731352090835571
2.493039131164551,-0.00743791414424777,-0.10739801824092865,0.01972014643251896,-0.029833734035491943,0.017132699489593506,-0.07722091674804688
2.493490219116211,0.11104265600442886,-0.27863651514053345,0.016148313879966736,0.008431434631347656,-0.011982902884483337,-0.013981759548187256
2.5007901191711426,0.07509518414735794,-0.33131834864616394,0.0463152676820755,0.028235435485839844,0.020652800798416138,0.006982654333114624
2.502517938613892,0.08751948922872543,-0.2549421787261963,-0.05873072147369385,-0.030467987060546875,-0.006397418677806854,-0.02608025074005127
2.5228753089904785,0.041117772459983826,-0.07516799122095108,0.016976291313767433,-0.03235208988189697,0.0001552775502204895,-0.07499074935913086
2.5235280990600586,0.04914720356464386,-0.3038218915462494,0.005705526098608971,-0.000603795051574707,0.00693906843662262,-0.0033878684043884277
2.530007839202881,0.11034570634365082,-0.31443843245506287,-0.005240598227828741,0.03941696882247925,0.01001274585723877,0.007674872875213623
2.5327341556549072,0.06774511933326721,-0.2892208397388458,-0.05754614621400833,-0.017348289489746094,-0.0009294822812080383,-0.02727675437927246
2.5530941486358643,0.04664662852883339,-0.08154009282588959,-0.04720669239759445,-0.04927092790603638,0.010259352624416351,-0.06669998168945312
2.5536160469055176,0.0833834633231163,-0.30403244495391846,-0.00813492201268673,-0.009025216102600098,-0.003155723214149475,-0.025822460651397705
2.560443878173828,0.13014137744903564,-0.29228395223617554,-0.0041215382516384125,0.05149281024932861,0.020515352487564087,0.013747811317443848
2.5627100467681885,0.03386411815881729,-0.3050699532032013,-0.05375407263636589,-0.013176262378692627,0.011666536331176758,-0.01855790615081787
2.583484172821045,0.15695475041866302,-0.06153116002678871,-0.07097940146923065,-0.028981328010559082,-0.024971701204776764,-0.06505709886550903
2.5839130878448486,0.11948208510875702,-0.28858277201652527,0.01576109044253826,-0.00020956993103027344,-0.0028739571571350098,-0.01762568950653076
2.5905590057373047,0.11522848159074783,-0.2874133884906769,0.029133621603250504,0.060987889766693115,0.039412468671798706,0.027938008308410645
2.5929110050201416,0.033107247203588486,-0.3264583647251129,-0.024480871856212616,-0.003792285919189453,0.011599123477935791,-0.025828659534454346
2.61356520652771,0.16230544447898865,-0.059655141085386276,-0.055175136774778366,-0.030462443828582764,0.016736231744289398,-0.05674445629119873
2.6136791706085205,0.05250105261802673,-0.33064255118370056,0.02357400581240654,0.005393862724304199,0.0064726173877716064,-0.0010995864868164062
2.620682001113892,0.06361096352338791,-0.3118900656700134,0.03886374458670616,0.06367737054824829,0.018654823303222656,0.039606064558029175
2.623077154159546,0.08455286920070648,-0.32405179738998413,-0.015631452202796936,-0.013074100017547607,0.015150293707847595,-0.03863859176635742
2.643519163131714,0.09873738884925842,-0.11758261919021606,-0.03204398229718208,0.02540189027786255,0.010572157800197601,-0.016907155513763428
2.643970012664795,0.07166236639022827,-0.3530921936035156,0.03429083153605461,0.014003157615661621,-0.0006425678730010986,-0.007722795009613037
2.650570869445801,0.14410686492919922,-0.36440032720565796,0.047500643879175186,0.09929949045181274,0.02691894769668579,0.012890666723251343
2.6531851291656494,0.15001802146434784,-0.3521428406238556,0.0008441921672783792,-0.023502469062805176,-0.015685081481933594,-0.0464974045753479
2.673642158508301,0.1019303947687149,-0.15094441175460815,0.00750582292675972,0.002835869789123535,-0.015815317630767822,-0.044473111629486084
2.674302101135254,0.0423489511013031,-0.355383038520813,0.03757264465093613,0.01385354995727539,0.012144729495048523,-0.013208866119384766
2.68088698387146,0.1457740068435669,-0.38645240664482117,0.06170807406306267,0.09712356328964233,0.028067797422409058,0.02306726574897766
2.683129072189331,0.14940324425697327,-0.36455971002578735,-0.010914728976786137,-0.03697091341018677,0.01460692286491394,-0.04329150915145874
2.703667163848877,0.06076936796307564,-0.16751600801944733,0.010867531411349773,-0.03689700365066528,0.01367584615945816,-0.028450071811676025
2.704975128173828,0.08847889304161072,-0.3337927758693695,0.037140145897865295,0.02205204963684082,-0.0023048818111419678,-0.00702589750289917
2.7108709812164307,0.07501555234193802,-0.36068594455718994,0.04564229026436806,0.10119932889938354,0.03462895750999451,0.044015586376190186
2.7132880687713623,0.11063000559806824,-0.39939820766448975,-0.018279166892170906,0.012582778930664062,0.008938148617744446,-0.03145170211791992
2.733736991882324,0.01617060974240303,-0.2269614040851593,-0.03787417709827423,0.010392606258392334,-0.017437845468521118,-0.019203603267669678
2.73443603515625,0.10189896076917648,-0.3056657612323761,0.030452152714133263,0.03820502758026123,0.013496652245521545,-0.010848522186279297
2.7410688400268555,0.060798533260822296,-0.3607877194881439,0.05866780877113342,0.15390092134475708,0.04012599587440491,0.030850857496261597
2.7434871196746826,0.13894326984882355,-0.4050997197628021,-0.0031857031863182783,0.02027106285095215,0.0002107769250869751,-0.04406726360321045
2.764078140258789,0.09774496406316757,-0.25079071521759033,-0.006627572700381279,-0.021101176738739014,-0.031779468059539795,-0.03811013698577881
2.764322280883789,0.11711333692073822,-0.28566136956214905,0.038407545536756516,0.029244542121887207,0.0032971203327178955,-0.0010898113250732422
2.771121025085449,0.09208334982395172,-0.30841293931007385,0.044061169028282166,0.1722998023033142,0.04808467626571655,0.04234576225280762
2.773411989212036,0.12292781472206116,-0.4315277338027954,0.0028887009248137474,0.017183959484100342,0.019044339656829834,-0.034630000591278076
2.79431414604187,0.029421433806419373,-0.27343887090682983,0.01132612768560648,0.007652997970581055,0.03338657319545746,-0.012040436267852783
2.794459104537964,0.10925927013158798,-0.28556716442108154,0.025396939367055893,0.02293771505355835,0.016329720616340637,0.008675158023834229
2.8014278411865234,0.05631336569786072,-0.2462637573480606,0.02670055814087391,0.20148545503616333,0.05249446630477905,0.0741586685180664
2.8036558628082275,0.13273251056671143,-0.4824364483356476,0.028413236141204834,0.02352529764175415,-0.0010713934898376465,-0.022722721099853516
2.824519157409668,0.12095893919467926,-0.29600948095321655,0.03595610707998276,0.04541349411010742,0.014625683426856995,0.01891005039215088
2.8246850967407227,0.1132110059261322,-0.26960763335227966,0.011845177970826626,0.0384674072265625,0.019624382257461548,-0.02051180601119995
2.831352949142456,0.0823308527469635,-0.1432722955942154,-0.011473992839455605,0.204342782497406,0.05924731492996216,0.08908703923225403
2.83369517326355,0.1593012660741806,-0.5330832600593567,0.03564264997839928,0.0315205454826355,-0.005472809076309204,-0.03518182039260864
2.8542821407318115,0.20626769959926605,-0.2875341773033142,0.029933102428913116,0.04150712490081787,-0.015424251556396484,-0.025086939334869385
2.8548970222473145,0.1381620168685913,-0.3026242256164551,0.05390235036611557,0.0648425817489624,0.02337092161178589,0.02667933702468872
2.861599922180176,0.11310767382383347,-0.16845311224460602,-0.12243486940860748,0.2662651538848877,0.06717631220817566,0.09980142116546631
2.864068031311035,0.23917679488658905,-0.5546224117279053,0.009330088272690773,0.06679421663284302,0.017439931631088257,0.006087005138397217
2.884611129760742,0.16218747198581696,-0.29218578338623047,0.02279476635158062,0.0024916529655456543,0.01584658771753311,0.011595487594604492
2.8849730491638184,0.13589036464691162,-0.30586016178131104,0.0683731660246849,0.07211244106292725,0.02990908920764923,0.035221099853515625
2.891762018203736,-0.06586354225873947,-0.3566157817840576,-0.3369098901748657,0.245433509349823,0.04074004292488098,0.15302786231040955
2.893921136856079,-0.142307847738266,-0.6855362057685852,0.07291092723608017,0.10336118936538696,-0.06011408567428589,0.0323905348777771
2.9144821166992188,0.09183420985937119,-0.3461293876171112,0.03669886291027069,0.04404556751251221,0.031613536179065704,0.009659767150878906
2.914905071258545,0.13127775490283966,-0.2999904751777649,0.0631035715341568,0.06770163774490356,0.025422096252441406,0.0337831974029541
2.921772003173828,-0.18944354355335236,-0.6827601194381714,-0.7727441787719727,0.2016913890838623,0.09820964932441711,0.02104458212852478
2.924511194229126,0.008641453459858894,-0.5359943509101868,-0.0738004818558693,0.11736786365509033,0.1101372092962265,0.002696216106414795
2.9447131156921387,0.18584778904914856,-0.3609512746334076,0.06950607895851135,0.05823516845703125,0.006018184125423431,0.0029006600379943848
2.945218086242676,0.0970635935664177,-0.29964157938957214,0.039310090243816376,0.04652535915374756,0.01598191261291504,0.030077576637268066
2.952147960662842,-0.1268652379512787,-0.08529175072908401,-0.32815662026405334,0.2277854084968567,0.02700480818748474,0.02813541889190674
2.9542009830474854,0.14769335091114044,-0.5474514365196228,0.042140763252973557,0.21058613061904907,-0.031023308634757996,-0.004861950874328613
2.974907159805298,0.15069620311260223,-0.39074963331222534,0.06339439004659653,0.016280531883239746,-0.004989802837371826,0.012755930423736572
2.975290060043335,0.12915243208408356,-0.30254024267196655,0.02466616779565811,0.03984016180038452,0.024874970316886902,0.025506258010864258
2.9820690155029297,-0.11192157864570618,-0.13153809309005737,0.1339351385831833,0.16135889291763306,0.011545062065124512,-0.008672535419464111
2.9845941066741943,0.205910325050354,-0.502054750919342,0.031140312552452087,0.1438642144203186,0.037487030029296875,0.022369027137756348
3.005005121231079,0.11835290491580963,-0.4089483618736267,0.041288554668426514,0.024192214012145996,0.011645376682281494,0.02471524477005005
3.00518798828125,0.16470934450626373,-0.32630035281181335,0.04287020489573479,0.08754116296768188,0.005636617541313171,0.02999013662338257
3.0122318267822266,-0.038386642932891846,-0.06988194584846497,0.18347792327404022,-0.030771374702453613,0.06568747758865356,-0.021860182285308838
3.014401197433472,0.15924254059791565,-0.4178899824619293,-0.020699981600046158,0.18895745277404785,0.051750972867012024,0.05312493443489075
3.0351641178131104,0.12475568056106567,-0.39175063371658325,0.019643446430563927,0.02615189552307129,-0.010178640484809875,0.02320331335067749
3.035398006439209,0.16219094395637512,-0.35705599188804626,0.03241942822933197,0.09236645698547363,0.02890808880329132,0.04506617784500122
3.0421810150146484,-0.044580355286598206,-0.11568938195705414,0.24164162576198578,-0.012431323528289795,-0.027466624975204468,-0.00169295072555542
3.044457197189331,0.07089310884475708,-0.4373234510421753,-0.25034090876579285,0.20017844438552856,0.038433223962783813,0.07810190320014954
3.0653111934661865,0.14538252353668213,-0.391848087310791,0.03147214278578758,0.05422806739807129,-0.001103237271308899,0.01300889253616333
3.0654120445251465,0.13262252509593964,-0.37125352025032043,0.016805581748485565,0.09238147735595703,0.0293043851852417,0.03463977575302124
3.0725131034851074,-0.21232181787490845,-0.11325690895318985,0.16403259336948395,-0.15752530097961426,-0.12688541412353516,0.07881861925125122
3.074553966522217,-0.03632788360118866,-0.44308313727378845,-0.555808961391449,0.21742355823516846,0.052927061915397644,0.10992556810379028
3.095323085784912,0.18027140200138092,-0.3774765431880951,0.07444757223129272,0.06534063816070557,0.0036438554525375366,0.007516622543334961
3.0958380699157715,0.13779690861701965,-0.3724754750728607,0.041885100305080414,0.12219911813735962,0.029383301734924316,0.03679859638214111
3.102386951446533,0.18730147182941437,-0.005586931481957436,0.22298511862754822,0.002829432487487793,0.016675561666488647,-0.009340465068817139
3.104866981506348,0.234099879860878,-0.30741453170776367,-0.7044796347618103,0.09799909591674805,0.0625825822353363,0.12445828318595886
3.12554931640625,0.09365794062614441,-0.3535986840724945,0.0945429876446724,0.04974997043609619,0.017533764243125916,0.013867199420928955
3.125717163085937,0.11546483635902405,-0.37915751338005066,0.043631602078676224,0.12752419710159302,0.049576759338378906,0.027942299842834473
3.1324501037597656,0.18055330216884613,0.015063352882862091,0.024556446820497513,-0.01708608865737915,0.0202023983001709,0.010475397109985352
3.1351301670074463,0.07997168600559235,-0.345468133687973,-0.5480136275291443,0.27034854888916016,0.015206024050712585,0.13184118270874023
3.155359268188477,0.09519312530755997,-0.35439231991767883,0.11576971411705017,0.05008953809738159,0.007857546210289001,0.001458287239074707
3.1558942794799805,0.10717801749706268,-0.3747199773788452,0.03663281351327896,0.1183551549911499,0.026097804307937622,0.024297714233398438
3.1624879837036133,0.18533647060394287,0.10842287540435791,0.027863560244441032,0.046086907386779785,0.035686194896698,0.022040843963623047
3.165544033050537,-0.11689263582229614,-0.36110466718673706,-0.4364692270755768,0.29388225078582764,-0.06194181740283966,0.16912499070167542
3.1855661869049072,0.07198260724544525,-0.36901694536209106,0.12392137944698334,0.04454052448272705,0.0037673115730285645,0.011613607406616211
3.186394214630127,0.051516350358724594,-0.3555746078491211,-0.0009718173532746732,0.12539654970169067,0.036150604486465454,0.04630020260810852
3.1930460929870605,0.04358239471912384,0.14854644238948822,0.0403473936021328,0.02970987558364868,0.017087191343307495,0.024669378995895386
3.1951069831848145,-0.05898299813270569,-0.24084627628326416,-0.35699892044067383,0.24858981370925903,0.11110174655914307,0.12487706542015076
3.215609073638916,0.06131305173039436,-0.3765222728252411,0.10700231790542603,0.02034461498260498,0.022571206092834473,0.018460571765899658
3.2162389755249023,0.12530840933322906,-0.3139491677284241,-0.011573594994843006,0.14074009656906128,0.03167825937271118,0.023143768310546875
3.222804069519043,-0.22352001070976257,0.057096075266599655,0.06189822405576706,0.05209469795227051,-0.014076977968215942,0.016561120748519897
3.225380182266236,-0.028213899582624435,-0.10188445448875427,-0.13398845493793488,0.2126902937889099,0.10077197849750519,0.08915147185325623
3.245658159255981,0.10121545940637589,-0.36660897731781006,0.08248765766620636,0.04473501443862915,0.006335809826850891,0.015649735927581787
3.246160984039306,0.1638006716966629,-0.28177961707115173,0.017536619678139687,0.1508634090423584,0.04242253303527832,0.026204347610473633
3.2529940605163574,-0.240616574883461,0.010317498818039894,-0.005514903925359249,-0.012825608253479004,-0.011630088090896606,-0.003292262554168701
3.255181074142456,0.11484059691429138,0.03758087754249573,0.09287824481725693,0.12734293937683105,0.05284057557582855,0.07454997301101685
3.2761621475219727,0.13414384424686432,-0.35077017545700073,0.06834041327238083,0.07404404878616333,0.01155632734298706,0.018411755561828613
3.2762200832366943,0.05966229364275932,-0.24339793622493744,0.04085978493094444,0.12702184915542603,0.05593112111091614,0.03298106789588928
3.2830700874328613,-0.21105748414993286,0.022257432341575623,-0.02668064273893833,-0.023484349250793457,-0.0257798433303833,0.001596301794052124
3.285245180130005,0.1054922342300415,0.04414542019367218,0.2203560471534729,0.08510112762451172,-0.00022208690643310547,0.011705487966537476
3.3059682846069336,0.10000132769346237,-0.33699870109558105,0.0924321636557579,0.08929675817489624,0.03477229177951813,0.03496581315994263
3.306302070617676,0.09131929278373718,-0.16003713011741638,0.037014979869127274,0.14064258337020874,0.04571309685707092,0.04888540506362915
3.313256025314331,-0.123710997402668,-0.0001581106334924698,-0.02751421183347702,-0.00718843936920166,0.005880862474441528,-0.003445267677307129
3.3156301975250244,0.03354880213737488,0.07709857821464539,0.3952900171279907,0.009850084781646729,0.0013926178216934204,0.0013228058815002441
3.336299180984497,0.06397940963506699,-0.3276488780975342,0.11816229671239853,0.11484646797180176,0.03716452419757843,0.051844894886016846
3.336397171020508,0.08796290308237076,-0.03557049483060837,-0.0067815035581588745,0.14901864528656006,0.06896030902862549,0.0790979266166687
3.343246936798096,-0.06895080953836441,-0.018440179526805878,-0.02329869382083416,0.012533843517303467,-0.0006400346755981445,-0.01128116250038147
3.3456530570983887,-0.13217172026634216,0.1095053181052208,0.5467919111251831,-0.04845541715621948,-0.09063082933425903,0.005309939384460449
3.3661980628967285,0.10184197127819061,-0.2964392304420471,0.11234115809202194,0.1405462622642517,0.022873222827911377,0.05098611116409302
3.3667449951171875,0.07761732488870621,0.0700572282075882,-0.02666093409061432,0.1615559458732605,0.03283068537712097,0.08559319376945496
3.3733720779418945,-0.09076981991529465,-0.010541509836912155,-0.04958302900195122,0.00565028190612793,-0.0004992485046386719,-0.008858144283294678
3.396574020385742,0.08477018028497696,-0.24316206574440002,0.05289274454116821,0.15435796976089478,0.020583972334861755,0.085482656955719
3.3967490196228027,0.05423663556575775,0.14361700415611267,-0.043733928352594376,0.08566862344741821,0.048332780599594116,0.08058914542198181
3.4035160541534424,0.105848029255867,0.3066272735595703,0.09464871138334274,-0.028280556201934814,0.010995298624038696,0.0018214583396911621
3.4267821311950684,0.09011460840702057,-0.18332867324352264,-0.0006367916939780116,0.19129425287246704,0.028446584939956665,0.11840754747390747
3.4271459579467773,0.017688078805804253,0.18069641292095184,0.020431475713849068,0.05240148305892944,0.028580397367477417,0.04803663492202759
3.433713912963867,0.20270825922489166,0.06609909236431122,0.016689734533429146,0.05186337232589722,0.031923145055770874,-0.027129441499710083
3.4568541049957275,0.12835147976875305,-0.14635105431079865,0.005139871034771204,0.23592376708984375,0.031102359294891357,0.1351931095123291
3.4568862915039062,0.04968928545713425,0.13832293450832367,0.09947382658720016,0.007749617099761963,0.027845114469528198,0.023207634687423706
3.464026927947998,0.016501640900969505,-0.18993234634399414,-0.010174903087317944,0.017100870609283447,0.01912650465965271,0.00041979551315307617
3.486877202987671,0.04708671569824219,-0.11040480434894562,-0.02907562255859375,0.2504810094833374,0.040234342217445374,0.16782385110855103
3.4874091148376465,0.08697128295898438,0.01552659273147583,0.1527290642261505,-0.04295986890792847,-0.007112234830856323,0.028201311826705933
3.5170111656188965,-0.04499886929988861,-0.08126344531774521,-0.04672173038125038,0.20019221305847168,0.04453036189079285,0.15884524583816528
3.51713228225708,0.012559762224555016,-0.14947472512722015,0.05984253063797951,-0.08846598863601685,-0.019218415021896362,0.06489941477775574
3.546999216079712,0.0813758447766304,-0.08113964647054672,0.09870471060276031,0.16792351007461548,0.022799432277679443,0.06229978799819946
3.5473432540893555,-0.03131994232535362,-0.28037169575691223,-0.05525742843747139,-0.06666523218154907,-0.009375274181365967,0.050760626792907715
3.5773611068725586,-0.04033873975276947,-0.07769043743610382,0.23812413215637207,0.055507540702819824,0.03174909949302673,0.016982972621917725
3.5774459838867188,-0.031855639070272446,-0.30713948607444763,-0.08005385100841522,0.0032105445861816406,-0.0006975829601287842,0.030314922332763672
3.607288122177124,0.01189543679356575,-0.1141151562333107,0.2645306885242462,-0.025455057621002197,-0.0068247318267822266,-0.03233373165130615
3.607617139816284,-0.06022069975733757,-0.2409684956073761,-0.01883816532790661,0.05576103925704956,0.027600884437561035,-0.006389826536178589
3.637315273284912,0.0007311995141208172,-0.15684618055820465,0.0963512733578682,-0.13419610261917114,-0.03984839469194412,-0.026715338230133057
3.6376662254333496,-0.05177688226103783,-0.11074384301900864,0.04746628925204277,0.05452185869216919,0.01878926157951355,-0.01731407642364502
3.667515277862549,-0.04296354949474335,-0.20896266400814056,-0.07025555521249771,-0.19496476650238037,-0.057576946914196014,0.01685231924057007
3.667959213256836,-0.043429337441921234,0.0069664278998970985,0.04059293493628502,0.017880797386169434,0.005704134702682495,-0.012099653482437134
3.6977791786193848,0.1558171957731247,-0.04537307471036911,0.024941273033618927,0.028600573539733887,-0.01342899352312088,-0.017824411392211914
3.698177099227905,-0.012363962829113007,0.05034954100847244,0.0038676790427416563,-0.005933046340942383,-0.009699702262878418,-0.005060076713562012
3.7277991771698,0.09243794530630112,-0.0004478795453906059,0.07715573906898499,0.06900525093078613,0.038449883460998535,0.02053689956665039
3.728400230407715,-0.002931712195277214,0.042177777737379074,-0.0177670419216156,0.0072977542877197266,-0.010755419731140137,-0.0019631385803222656
3.757902145385742,-0.06328799575567245,-0.06697653979063034,0.1192733645439148,0.042468249797821045,0.021792113780975342,0.02998131513595581
3.758236169815064,-0.017027556896209717,0.0282647255808115,-0.004613956436514854,-0.007311046123504639,0.005102097988128662,0.004506707191467285
3.788077116012573,-0.12082639336585999,-0.028188232332468033,0.031480129808187485,-0.026841461658477783,-0.01712312549352646,0.02134108543395996
3.788297176361084,-0.016325946897268295,0.030523434281349182,-0.0034472255501896143,-0.0070860981941223145,-0.00041180849075317383,0.00595623254776001
3.818092107772827,0.056548528373241425,0.0866473913192749,-0.027722204104065895,-0.04467231035232544,-0.006623215973377228,0.026936352252960205
3.818155288696289,-0.02338865026831627,0.03673582524061203,-0.0010868660174310207,0.015837550163269043,0.01001805067062378,0.014513194561004639
3.8481292724609375,0.07325852662324905,0.0369562990963459,-0.0067599317990243435,-0.0047792792320251465,-0.0028511881828308105,0.02533543109893799
3.84840726852417,-0.0337936207652092,0.046078361570835114,0.004701248370110989,0.009813308715820312,0.012498259544372559,0.004055380821228027
3.87837028503418,-0.06053109094500542,-0.053225141018629074,-0.007013997528702021,-0.025481820106506348,0.01693892478942871,0.027784287929534912
3.8788561820983887,-0.05952921137213707,0.042291395366191864,0.008451511152088642,0.007780611515045166,0.00464668869972229,0.0049479007720947266
3.908506155014038,-0.04779026657342911,-0.0665997713804245,-0.06762221455574036,-0.0023623108863830566,0.010974809527397156,0.013395428657531738
3.9087109565734863,-0.027118675410747528,0.04697614163160324,0.01658826880156994,0.011790871620178223,0.017224550247192383,0.00022980570793151855
3.938216209411621,0.015609880909323692,0.006831222213804722,-0.04799125716090202,0.001491844654083252,0.014382869005203247,0.006705641746520996
3.939163208007813,-0.03225750848650932,0.027502046898007393,0.04709877073764801,0.015690743923187256,0.01562952995300293,-0.0012009739875793457
3.968605995178223,0.02260986715555191,0.05326544865965843,0.018147815018892288,0.04940164089202881,0.006143532693386078,-0.01149362325668335
3.9690091609954834,-0.036244794726371765,0.011629872024059296,0.039176132529973984,-0.004111528396606445,0.013603925704956055,0.00043702125549316406
3.9989752769470215,-0.17618392407894135,0.049683596938848495,-0.023705091327428818,0.012038767337799072,0.025705762207508087,0.00022840499877929688
3.999303102493286,-0.020875025540590286,0.0029161260463297367,0.0243681613355875,-0.0023706555366516113,0.005119264125823975,-0.00548359751701355
4.0292510986328125,-0.0736285150051117,-0.03679390251636505,0.01792490854859352,-0.015376031398773193,0.012362778186798096,0.04353436827659607
4.02926516532898,-0.0852818489074707,0.025957345962524414,-0.016182728111743927,-0.0004956722259521484,0.01414160430431366,-0.014507114887237549
4.058995246887207,-0.0038775340653955936,0.029270749539136887,0.02207810804247856,0.003045380115509033,-0.0034046247601509094,-0.009346306324005127
4.059314250946045,-0.009077489376068115,-0.006311161443591118,0.017279624938964844,-0.009725511074066162,-0.051912978291511536,0.03042548894882202
4.089327335357666,0.0393342487514019,0.007498627062886953,0.03492999076843262,0.005770862102508545,0.018529877066612244,0.0031597018241882324
4.0896501541137695,-0.03408057987689972,0.010946555063128471,0.013516311533749104,-0.011419355869293213,0.02323080599308014,0.009586930274963379
4.11924409866333,0.03658493608236313,0.00707609998062253,0.039061084389686584,0.003859221935272217,0.0014508739113807678,0.005806386470794678
4.11970329284668,-0.5184105038642883,-0.20000259578227997,-0.28018587827682495,-0.03616887331008911,0.018078282475471497,0.05327296257019043
4.149495124816895,0.01823815517127514,-0.0018720543012022972,0.01630251109600067,0.0022009611129760742,0.01592084765434265,0.008778691291809082
4.14968204498291,-0.1439981609582901,-0.05504562705755234,-0.25114038586616516,0.06244295835494995,0.18930622935295105,-0.08630609512329102
4.179505109786987,-0.02665608376264572,-0.020786689594388008,-0.024467822164297104,0.001910090446472168,0.001752503216266632,0.010652899742126465
4.180012226104736,0.3315425515174866,0.03949905186891556,0.29682496190071106,0.08396768569946289,0.041567832231521606,-0.03902876377105713
4.209635257720947,-0.04288485273718834,-0.029175080358982086,-0.005793470423668623,-0.012445986270904541,-0.01450907438993454,-0.0018337368965148926
4.209873199462891,-0.0817791298031807,0.015994209796190262,0.20547270774841309,0.009354948997497559,-0.031920552253723145,0.01662999391555786
4.239768028259277,-0.12652195990085602,-0.04380405694246292,-0.04436296969652176,0.002774477005004883,-0.009118236601352692,0.001902461051940918
4.2401041984558105,-0.1164325699210167,-0.018398066982626915,0.04512297362089157,-0.025151610374450684,-0.007533743977546692,-0.00618898868560791
4.2696852684021,0.13177244365215302,0.12858562171459198,0.07001180946826935,-0.0015040040016174316,0.04633096605539322,-0.006705105304718018
4.270265102386475,-0.025251932442188263,-0.028994834050536156,-0.05717197433114052,-0.007396280765533447,0.031219512224197388,-0.007424771785736084
4.299779176712036,0.14680491387844086,0.05858189985156059,0.0026607343461364508,0.040105342864990234,-0.0004787519574165344,-0.0028648972511291504
4.300251007080078,-0.06559628993272781,0.009084056131541729,-0.09187695384025574,-0.01587885618209839,0.009434670209884644,0.0025478005409240723
4.330008029937744,-0.031109953299164772,0.020560182631015778,0.03385939821600914,-0.0037820935249328613,-0.008250497281551361,0.01326054334640503
4.330387115478516,-0.025972316041588783,-0.005098158493638039,-0.09417819231748581,0.006281256675720215,-0.019764602184295654,-0.001133561134338379
4.360136032104492,-0.10342396795749664,-0.031976014375686646,-0.011338970623910427,0.004837453365325928,0.0076766237616539,0.007064938545227051
4.36030912399292,0.16814124584197998,-0.04095182940363884,-0.01237467397004366,-0.015622556209564209,0.036393553018569946,-0.0024572014808654785
4.390282154083252,-0.2906688153743744,-0.25916436314582825,0.059894196689128876,0.012607991695404053,-0.025150083005428314,-0.021141231060028076
4.39069414138794,0.17124980688095093,-0.007463861256837845,-0.014953945763409138,-0.004243135452270508,0.031384870409965515,-0.03024899959564209
4.420642137527466,-0.3043365776538849,-0.10141294449567795,-0.08384033292531967,0.022405683994293213,-0.0017847418785095215,0.008386850357055664
